Codon	aa	Count	RSCU	%	tRNA
UAA	*	49	1.729	57.65	 
UAG	*	20	0.706	23.53	 
UGA	*	16	0.565	18.82	 
GCU	A	620	1.782	44.54	 
GCC	A	233	0.67	16.74	 
GCA	A	385	1.106	27.66	trnA-UGC
GCG	A	154	0.443	11.06	 
UGU	C	234	1.495	74.76	trnC-ACA
UGC	C	79	0.505	25.24	trnC-GCA
GAU	D	842	1.601	80.04	 
GAC	D	210	0.399	19.96	trnD-GUC
GAA	E	1093	1.532	76.59	trnE-UUC
GAG	E	334	0.468	23.41	 
UUU	F	1057	1.327	66.35	 
UUC	F	536	0.673	33.65	trnF-GAA
GGU	G	577	1.289	32.22	 
GGC	G	191	0.427	10.66	trnG-GCC
GGA	G	731	1.633	40.82	 
GGG	G	292	0.652	16.3	 
CAU	H	511	1.565	78.25	 
CAC	H	142	0.435	21.75	trnH-GUG
AUU	I	1134	1.476	49.2	 
AUC	I	437	0.569	18.96	trnI-GAU
AUA	I	734	0.955	31.84	 
AAA	K	1110	1.492	74.6	 
AAG	K	378	0.508	25.4	 
UUA	L	899	1.915	31.91	trnL-UAA
UUG	L	551	1.174	19.56	trnL-CAA
CUU	L	588	1.252	20.87	 
CUC	L	189	0.403	6.71	 
CUA	L	403	0.858	14.31	trnL-UAG
CUG	L	187	0.398	6.64	 
AUG	M	623	1.0	100.0	trnM-CAU
AAU	N	1067	1.578	78.92	 
AAC	N	285	0.422	21.08	trnN-GUU
CCU	P	436	1.575	39.39	 
CCC	P	210	0.759	18.97	 
CCA	P	317	1.145	28.64	trnP-UGG
CCG	P	144	0.52	13.01	 
CAA	Q	735	1.556	77.78	trnQ-UUG
CAG	Q	210	0.444	22.22	 
CGU	R	331	1.249	20.82	trnR-ACG
CGC	R	114	0.43	7.17	 
CGA	R	361	1.362	22.7	 
CGG	R	132	0.498	8.3	 
AGA	R	487	1.838	30.63	trnR-UCU
AGG	R	165	0.623	10.38	 
UCU	S	594	1.723	28.72	 
UCC	S	342	0.992	16.54	trnS-GGA
UCA	S	417	1.21	20.16	trnS-UGA
UCG	S	193	0.56	9.33	 
AGU	S	402	1.166	19.44	 
AGC	S	120	0.348	5.8	trnS-GCU
ACU	T	556	1.634	40.85	 
ACC	T	234	0.688	17.19	trnT-GGU
ACA	T	432	1.27	31.74	trnT-UGU
ACG	T	139	0.409	10.21	 
GUU	V	504	1.414	35.34	 
GUC	V	181	0.508	12.69	trnV-GAC
GUA	V	538	1.509	37.73	 
GUG	V	203	0.569	14.24	 
UGG	W	458	1.0	100.0	trnW-CCA
UAU	Y	805	1.646	82.31	 
UAC	Y	173	0.354	17.69	trnY-GUA
